customer_id,name,country,reg_date
1000,Justin Wright,Tunisia,2026-01-03
1001,Cody Shepherd,Yemen,2026-01-08
1002,Thomas Moore,Anguilla,2026-01-29
1003,Austin Nelson,Rwanda,2026-01-21
1004,Samuel Ross,Saint Vincent and the Grenadines,2026-01-03
1005,Erika Davis MD,South Africa,2026-01-29
1006,Alyssa Clark,Peru,2026-01-05
1007,Tyler Davidson,Japan,2026-01-24
1008,Ryan Garcia,Liberia,2026-01-30
1009,Dennis Stuart,Reunion,2026-01-06
1010,Jeff Schaefer,Heard Island and McDonald Islands,2026-01-03
1011,William Wallace PhD,Solomon Islands,2026-01-09
1012,Mario Parker,Vanuatu,2026-01-29
1013,Kevin Bowman,Belarus,2026-01-08
1014,Erika Gillespie,Qatar,2026-01-15
1015,Jane Zamora,Mali,2026-01-29
1016,Thomas Kim,Papua New Guinea,2026-01-18
1017,Dawn Smith,Iraq,2026-01-14
1018,Nicole Greene,Gambia,2026-01-03
1019,Alexandra Thomas,Netherlands,2026-01-01
1020,Brittany York,Bahamas,2026-01-17
1021,Daniel Meza,South Africa,2026-01-07
1022,Kimberly Jones,Sudan,2026-01-27
1023,Kimberly Dillon,Luxembourg,2026-01-27
1024,Melissa Bates,Kenya,2026-01-26
1025,James Lee,Saint Pierre and Miquelon,2026-01-04
1026,Seth Patterson,Egypt,2026-01-23
1027,Timothy Weaver,Turks and Caicos Islands,2026-01-10
1028,Bethany Trevino,United States of America,2026-01-29
1029,John Bates,Jamaica,2026-01-29
1030,John Gomez,Uganda,2026-01-11
1031,Matthew Noble,Antigua and Barbuda,2026-01-30
1032,Samuel Clark,Jordan,2026-01-01
1033,Matthew Vazquez,Austria,2026-01-14
1034,Kenneth Garner PhD,Fiji,2026-01-20
1035,Yolanda Conway,Syrian Arab Republic,2026-01-27
1036,Jennifer Ruiz,Tonga,2026-01-04
1037,Brian Hogan,French Guiana,2026-01-05
1038,Nathan Wright,Nauru,2026-01-18
1039,Amanda Gonzalez,Niue,2026-01-30
1040,Amanda Reynolds,Solomon Islands,2026-01-19
1041,Thomas Jenkins MD,French Guiana,2026-01-02
1042,April Key,France,2026-01-15
1043,Alexa Ayala,Haiti,2026-01-27
1044,Nicole Black,South Georgia and the South Sandwich Islands,2026-01-30
1045,Annette Campos,Somalia,2026-01-20
1046,Christopher Swanson,French Polynesia,2026-01-03
1047,Alicia Smith,Macao,2026-01-25
1048,Jennifer Wilson,Liberia,2026-01-17
1049,James Brown,Equatorial Guinea,2026-01-20
1050,Rebecca Ashley,Trinidad and Tobago,2026-01-19
1051,Mrs. Wendy Lucas,Croatia,2026-01-24
1052,Whitney Santiago,Jamaica,2026-01-12
1053,Gary Donaldson,Aruba,2026-01-23
1054,Joseph Ball,Norfolk Island,2026-01-12
1055,Matthew Garcia,Netherlands,2026-01-19
1056,Lori Smith,Kazakhstan,2026-01-22
1057,Jeremy Garza,Gabon,2026-01-18
1058,Dr. Carolyn Rojas DVM,Macao,2026-01-25
1059,Ashley Douglas,British Indian Ocean Territory (Chagos Archipelago),2026-01-21
1060,Stephanie Crawford,Bouvet Island (Bouvetoya),2026-01-30
1061,Andrea Arnold,Lithuania,2026-01-07
1062,Courtney Hughes,Slovenia,2026-01-09
1063,Charles Avery,Taiwan,2026-01-19
1064,Christopher Hill,Comoros,2026-01-17
1065,Gloria Gibson,Saint Kitts and Nevis,2026-01-09
1066,Eric Smith,Egypt,2026-01-12
1067,Evelyn Johnson,Dominica,2026-01-17
1068,Ryan Larson,Venezuela,2026-01-11
1069,James Rodriguez,Slovakia (Slovak Republic),2026-01-21
1070,David Myers,Egypt,2026-01-10
1071,Zachary Thomas,Norfolk Island,2026-01-19
1072,Tristan Zuniga,American Samoa,2026-01-04
1073,Katie Martin,Syrian Arab Republic,2026-01-21
1074,Jared Thornton,Congo,2026-01-09
1075,Patricia Dean,Malaysia,2026-01-20
1076,Lisa Brown,El Salvador,2026-01-02
1077,Aaron Williamson,Canada,2026-01-13
1078,Jacob Sutton,United States Minor Outlying Islands,2026-01-05
1079,Angela Huang,Czech Republic,2026-01-19
1080,Daniel Miller,United States Minor Outlying Islands,2026-01-12
1081,Melanie Wagner,Greece,2026-01-23
1082,James Myers,Jordan,2026-01-23
1083,Julie Pena,Madagascar,2026-01-25
1084,Carl Frey,Israel,2026-01-07
1085,John Chambers,Solomon Islands,2026-01-17
1086,Michelle Walsh,Argentina,2026-01-29
1087,Mia Stevens,Korea,2026-01-14
1088,Michelle Rodriguez,Georgia,2026-01-26
1089,Warren Smith MD,Cyprus,2026-01-22
1090,Benjamin Meyers,Sao Tome and Principe,2026-01-15
1091,Janet Fisher,Saint Helena,2026-01-25
1092,Alexandria Jones,Guinea,2026-01-20
1093,Dennis Huffman,Mongolia,2026-01-16
1094,Sydney Rowland,Monaco,2026-01-07
1095,Cory Murphy,Paraguay,2026-01-28
1096,Darren Mcclure,Oman,2026-01-18
1097,Emily Martinez,Hungary,2026-01-12
1098,Kelsey Wilkinson,Brazil,2026-01-01
1099,Craig Lewis,Central African Republic,2026-01-13
