order_id,customer_id,product_name,price,order_date
c9e66579-06c1-46ce-9e32-3db07fda52fe,1093,Bat,199.1,2026-01-12 06:38:48.388523
4eb13696-274a-4a6b-b0cc-7d23556dff86,1031,Bat,134.59,2026-01-09 07:44:51.454072
9ea409d9-5f3e-4005-b38f-9a6cf69cf90f,1074,Mobile,181.05,2026-01-03 06:38:45.196506
30dd7eb5-5c5c-4450-b8ca-8e5594ee3c12,1000,Mobile,119.39,2026-01-16 08:16:04.962919
163586f3-f523-4a25-a92a-26eaa508779a,1062,Bat,142.62,2026-01-09 23:21:49.204760
d5e15382-1521-4e39-aa5d-b64a8b14e17c,1003,Washing Machine,149.13,2026-01-13 08:35:23.123892
a5eb6555-f41e-4149-b04f-51e7311bc10e,1041,Bowl,139.87,2026-01-12 22:10:56.463356
9a849fcb-104e-4bfd-9254-7d609e04cf2b,1075,Mobile,184.78,2026-01-02 20:49:19.611472
e387a75a-b3ec-49a9-a0ba-d7792a1980ee,1090,Laptop,145.79,2026-01-03 08:08:55.967550
4c67e065-8d17-4877-856f-b22003a3847b,1069,Monitor,182.32,2026-01-13 21:51:15.910594
3169a747-69c3-47ac-83fe-97a7fc193104,1025,Bat,118.35,2026-01-17 08:32:56.568676
705866eb-59c5-4601-8cff-90a8f9d8fddd,1038,Monitor,168.38,2026-01-04 03:35:56.757177
ae7308f1-2842-4165-825c-42e918dc0417,1029,Monitor,131.61,2026-01-16 06:56:44.216196
b17edae3-8f82-456f-8799-2086d0d7f960,1032,Bat,138.39,2026-01-08 05:50:44.161331
d81016db-15e6-476a-a632-7adcf239023d,1061,Laptop,110.75,2026-01-17 03:25:32.184244
4fcbceb5-ed46-4fad-9c03-29225b6abf50,1011,Washing Machine,181.47,2026-01-20 19:10:43.370450
a0284a0a-83e9-4980-b1b1-3301f4ab0089,1024,Bowl,197.17,2026-01-19 22:24:22.981332
0cf21676-4f8b-49f7-8db6-0928d2d06301,1036,Washing Machine,142.61,2026-01-16 20:06:34.524863
80c0f48e-7cef-4ed0-8aa6-3acd44582b30,1096,Monitor,173.51,2026-01-14 22:35:20.659304
4a696394-fe6f-4da1-b45d-7b8ee9468d8a,1068,Monitor,134.17,2026-01-01 05:20:35.598895
eeb932f4-2dc1-4df1-a41c-39b1567eccf7,1000,Monitor,194.71,2026-01-16 05:57:56.125467
7f3504e7-dfda-4a5c-805b-1ef7f5fde84c,1079,Laptop,160.81,2026-01-20 21:30:41.396993
0b0795b6-168a-4ae0-a0b5-a42b8040c7c1,1028,Bat,123.52,2026-01-19 04:34:27.687808
b11c6245-7c4c-42f7-9f09-b94bd26b20e4,1040,Mobile,158.73,2026-01-15 12:17:58.456457
8fc5ce08-d505-4792-9f8b-5cb04ab0c5ea,1076,Bowl,120.27,2026-01-05 09:00:50.455345
3d2ca0d9-b0e7-471d-a9b5-46696f038ec4,1017,Bat,170.07,2026-01-06 00:38:09.910054
356eac97-f3ed-491a-b27c-e867f24bde36,1002,Laptop,147.15,2026-01-12 23:40:56.671794
3bf09423-787a-4cb0-be57-64641e033de1,1069,Washing Machine,116.19,2026-01-01 06:07:25.037532
1e89a751-8a82-48f5-a1dc-b174bc9f5471,1030,Washing Machine,119.06,2026-01-15 21:58:02.034753
19e33a24-56c9-45db-aa43-5fc4bb78e987,1006,Bat,141.46,2026-01-12 07:14:26.856396
bbdcccdd-88c5-4d64-92c0-dd6014869373,1066,Washing Machine,172.49,2026-01-13 21:26:40.814989
2076562f-bc6f-4c98-a2ea-2653883b29c6,1013,Bat,110.05,2026-01-08 03:05:30.735351
ce07b7eb-2ffc-4d17-9608-4febf056228e,1017,Bat,196.46,2026-01-15 11:58:41.783271
d967539a-e3e7-44c8-aed4-3eb146976b8d,1048,Washing Machine,161.06,2026-01-04 21:11:35.824468
169fcd17-1319-4baa-863f-6a1a87f661f6,1008,Bat,102.05,2026-01-15 12:05:59.903148
c7748e89-fae1-4e80-851f-ef8eae9d8344,1084,Bowl,134.5,2026-01-14 08:04:51.694577
1f373a22-2357-4cbe-a1f5-53ad624ab716,1012,Laptop,194.38,2026-01-01 09:42:15.955383
651afa35-1e92-4723-8ceb-2cc9582589f7,1039,Mobile,102.34,2026-01-05 21:39:24.590147
0d8167f6-a12e-42f7-9b8b-18ab9d12b6ba,1025,Mobile,119.69,2026-01-12 22:28:19.276474
97543364-1639-4c01-a019-9f25f1736aef,1071,Mobile,181.77,2026-01-11 08:42:49.398424
341bded5-bb28-4c84-a7fd-c1c497193684,1083,Bowl,114.07,2026-01-03 12:25:25.860924
fd513b3a-9a20-46e1-928f-8f16549287a0,1055,Monitor,136.95,2026-01-11 01:33:13.091000
b8b0774d-3657-4134-86fb-1f973b62ebf2,1091,Mobile,123.98,2026-01-04 17:44:34.757666
dd4c26f3-56e2-4179-b9e8-2cc55facb4a9,1062,Mobile,125.41,2026-01-05 06:48:21.090358
e57ffb0b-3b0b-4259-b1d4-e895f0068bf3,1099,Laptop,189.48,2026-01-15 14:45:38.828736
ca98bf30-23f0-4e67-bc8d-d62d822f1891,1075,Monitor,143.94,2026-01-02 02:45:23.108898
22c1773c-deb8-43e6-88ee-e981204753bb,1006,Mobile,190.56,2026-01-11 14:58:37.768570
23105dae-8476-4806-b254-8a3640c5ab3d,1014,Mobile,114.84,2026-01-05 16:19:19.592685
acedbafc-225d-4204-89ce-be131402a2fd,1005,Bat,162.12,2026-01-21 12:51:56.774067
5c5770f8-b682-44ce-a13e-247c75bce8b4,1070,Laptop,130.72,2026-01-11 20:59:47.819774
0b76d33f-256b-4fa2-b34e-e692f4c53891,1007,Washing Machine,145.52,2026-01-10 04:11:19.029757
2033d8a0-04c9-4bdb-8f7f-7f47b899c3d4,1079,Bat,104.77,2026-01-02 16:32:42.895531
471a4ba8-95e6-42cf-ad55-0d7c0840cd04,1094,Washing Machine,197.37,2026-01-18 05:22:55.933703
8ebb1e23-f1d4-4b17-9b32-3960a5e1fa6d,1035,Bowl,113.44,2026-01-15 16:13:12.800434
151c45bc-75a5-4e1f-9e87-d2c87205a68b,1073,Mobile,116.67,2026-01-17 11:28:06.885173
9476267b-054e-4cef-9fad-34c56a22e93d,1078,Laptop,160.09,2026-01-17 08:45:01.743925
6e55eeb1-64da-41fc-bae8-f02ad9295366,1003,Bat,144.31,2026-01-13 07:40:23.105613
41e90b9f-65f2-4306-a861-26be31f05651,1068,Laptop,119.82,2026-01-04 11:37:33.506626
0177721c-e3c3-46ea-931d-31f5babe646e,1041,Mobile,170.11,2026-01-07 10:25:41.841513
9ea82a4c-4f67-4dbf-bb08-a12814464e8c,1030,Washing Machine,107.01,2026-01-15 13:26:21.279721
c6b3cf82-b501-4fea-baee-af89c7abd4b6,1064,Bowl,183.89,2026-01-10 13:18:53.548144
6f6831dc-b12f-493c-b44a-12a6b21c2776,1058,Bowl,111.47,2026-01-14 02:55:32.026780
2d46e339-c65d-4f4a-a050-5767917011ee,1050,Bat,136.28,2026-01-09 11:24:46.862567
75576923-9e54-400d-a4ff-dfae1998e40f,1044,Bowl,124.25,2026-01-03 09:04:17.597317
6f35e467-d82e-427e-ac42-50fc93bc5fc0,1053,Bat,150.18,2026-01-14 07:21:10.957867
955a9551-8573-4efe-b263-f53661656ca6,1048,Bowl,106.17,2026-01-06 01:56:40.502479
d97a6149-da83-4aec-97d9-371a9b66b1b4,1062,Washing Machine,138.52,2026-01-13 17:22:27.991690
c0a55bfc-13b4-49df-95c4-896f1bb46525,1013,Monitor,113.18,2026-01-09 01:30:40.836228
1ba8552f-fa68-4112-a35f-3d20fb561c9f,1022,Laptop,194.2,2026-01-04 20:36:23.912988
d7a6a188-4771-4ee8-a26e-15c9f4f393c9,1088,Bowl,120.29,2026-01-12 11:54:04.066184
c6a75d6f-c4e7-43cb-87a5-b9062685d770,1036,Bat,121.97,2026-01-15 00:16:40.609251
835767cc-49c8-437a-a4a4-208f3f4c6c4e,1064,Washing Machine,108.39,2026-01-08 13:14:33.618500
b8c7ba99-a350-476d-924e-39e4b5e2a7b1,1054,Mobile,160.84,2026-01-01 03:15:30.947416
c73cb70e-b5d2-40f3-b3eb-295a548fb038,1061,Bowl,199.45,2026-01-17 18:25:00.456601
fd7e4b9e-cbf2-44d3-9e9e-0fad747b8fc2,1078,Monitor,134.23,2026-01-13 15:46:11.570833
5eccf798-0aff-4c37-9830-651cb70cf459,1025,Bat,138.41,2026-01-10 13:07:06.284939
c8887781-6dfb-4fe7-8f18-70ece1fb784c,1054,Mobile,130.54,2026-01-09 04:50:46.404176
23d3829c-fa10-422a-9f75-d96cd1d5023f,1084,Mobile,119.11,2026-01-09 19:53:54.300555
bc588670-a8ab-4e47-89ab-897e81e794c6,1008,Bowl,184.47,2026-01-06 14:53:30.987992
7d7ba5aa-7322-4a22-b70d-dc3bf33baa6a,1050,Bat,166.46,2026-01-16 13:16:42.225754
5ac9340a-400c-411a-9e5c-8b4081d0e5a9,1096,Mobile,165.51,2026-01-17 09:50:04.459832
78a0f9d6-e270-49ad-8c43-7685320c54d2,1065,Laptop,180.53,2026-01-14 20:27:52.126604
d736b3f2-a890-4abc-a124-b5dd45d87039,1056,Mobile,149.5,2026-01-20 05:10:11.409449
76fbccce-e266-4993-be4f-5855a2aa253a,1042,Bowl,178.61,2026-01-10 08:11:27.544103
0bdf8143-9907-4d86-b68e-1eeb8f3bbef4,1019,Bat,105.33,2026-01-16 01:15:28.413690
a34ee04e-bc6f-4385-b6f4-34c63428102a,1026,Laptop,124.37,2026-01-16 08:26:35.469881
fcdae2e1-b5da-45aa-b2c5-bc9efc6fa13b,1028,Monitor,105.51,2026-01-16 14:02:52.523964
51eaf197-396a-44e8-83df-d4881c41ebe5,1080,Washing Machine,165.57,2026-01-04 12:08:28.811891
c8515048-67fc-40f4-b760-52883b8676bb,1084,Bat,162.03,2026-01-10 18:41:34.327242
28940637-a9c6-4d9e-bb36-facc0bdf7ba8,1091,Mobile,174.68,2026-01-18 07:03:45.122564
218c2f56-8fcf-4e29-8831-ebd2fc782654,1012,Bowl,166.45,2026-01-02 15:35:54.084786
11011642-4768-4f2d-9993-0a9a274c7213,1059,Monitor,101.83,2026-01-04 16:36:18.027207
231582c7-aaab-4667-b429-639274003fec,1092,Bowl,164.8,2026-01-07 07:42:06.555775
e60c475e-5a63-4d33-bec0-653ac0334f6d,1049,Mobile,150.5,2026-01-12 08:53:10.360169
832218d4-a97d-4219-815a-688eac69ed84,1086,Mobile,109.96,2026-01-10 18:38:49.011347
279e0e7a-09bb-40ef-8a02-2a953344a454,1082,Washing Machine,190.83,2026-01-06 20:50:36.201622
dece2b80-5bd0-470f-aa7e-c43dc69165bb,1078,Bat,154.06,2026-01-04 23:21:12.377523
10a0eb8a-77d6-4c99-bf6c-6758841adb22,1047,Washing Machine,155.36,2026-01-11 08:18:57.218565
61acfd78-17fd-49bf-8e20-98d8d943462a,1044,Monitor,116.21,2026-01-18 05:20:11.088555
062c5016-75c2-4599-bc4c-bbdd28dd8fad,1067,Bowl,181.01,2026-01-12 22:41:01.888947
b6a0c881-8cdf-47e5-8692-60e164b437d9,1073,Washing Machine,190.83,2026-01-16 17:14:29.044792
276b29a9-a3fd-4bac-b2f3-a2cdbefe6080,1063,Mobile,197.3,2026-01-08 02:54:52.143360
a7bef3b4-cda9-4d47-b9ef-a47c0288423e,1035,Mobile,182.78,2026-01-03 07:09:04.825936
d17d7f96-6201-4778-9dc2-75386f45fccf,1056,Bat,124.75,2026-01-03 11:23:54.797446
3ff648bb-6486-40ff-8421-ae32c2d0ff0f,1020,Bowl,140.95,2026-01-07 19:03:09.164103
fe76382c-cab1-4764-9502-40a7ba291355,1058,Bowl,189.65,2026-01-16 14:02:42.844722
1e0b8b48-aa6b-472e-8988-abc66a59f5e6,1081,Bat,145.16,2026-01-04 13:07:37.047801
527cbf3d-96a0-4808-9626-1adeeefa7f1f,1058,Laptop,146.04,2026-01-04 08:29:16.198478
10b530d8-a5d0-498d-ad70-8e11ca82941f,1060,Mobile,165.23,2026-01-05 10:43:53.209017
32f7f388-38c3-46d4-a466-f9e9188ddcab,1003,Monitor,172.13,2026-01-02 07:12:37.123717
aa0f88af-d066-4a2f-ba33-abdb84593ad2,1046,Washing Machine,174.74,2026-01-14 18:36:50.075661
e2e20e21-d183-43dd-baa9-b813c0fe4425,1020,Laptop,132.6,2026-01-01 14:36:40.208521
0b1fc109-c1e4-42ec-81cf-c53c932c3eaa,1076,Monitor,139.55,2026-01-20 10:18:35.418503
f27252c9-a4dd-48eb-9405-8fd9e673fff1,1048,Mobile,193.85,2026-01-19 02:06:16.352255
4303be23-d694-4581-9522-a77624d4a8fa,1001,Monitor,183.8,2026-01-06 10:56:16.439271
30bfe01b-8fc0-49a6-a751-a40b2250b767,1029,Mobile,158.36,2026-01-07 15:01:05.956982
477fdb6f-1cf8-46ae-b38a-b53c5e4f4d71,1044,Washing Machine,129.88,2026-01-13 22:31:09.735330
26ed0d1a-b949-42f8-b11a-c82bb2c92dfa,1042,Bowl,168.83,2026-01-21 09:12:41.247598
90bec792-a1a4-4f7e-9303-8810d7d1ec8b,1018,Laptop,141.59,2026-01-07 17:17:01.086118
ed931e6e-c831-4fd8-8c5e-6d58d5171208,1097,Bowl,176.94,2026-01-04 08:38:23.878534
c29d0d26-9932-4173-8f3a-2b6b95ef4e19,1002,Bowl,138.77,2026-01-17 13:40:55.714873
653b2eb3-f5d5-4369-8c3c-924f9a0f6d27,1091,Monitor,162.0,2026-01-15 12:27:41.663612
95abd2dd-1cfa-4355-a737-4776c9c1d143,1021,Washing Machine,110.09,2026-01-18 04:36:14.249837
ea21480a-11b4-40be-a70b-bd88c4714222,1009,Bat,176.2,2026-01-08 01:48:42.338452
7a6b5133-995f-4ee4-8bb5-b478ad2143f5,1086,Bowl,171.38,2026-01-12 22:00:27.019983
f907d016-35a5-48d8-8aea-9b14c050535b,1036,Washing Machine,176.76,2026-01-17 02:07:45.095571
30200125-58b8-4740-bfc4-6c92ffc66a6b,1061,Laptop,110.82,2026-01-17 02:35:28.315872
1aa2d62c-1cdf-49ed-9554-8801f427db45,1042,Mobile,109.58,2026-01-01 05:31:37.937491
dc4ed6ba-5778-4857-b209-94f1ceb5f613,1098,Mobile,175.82,2026-01-12 01:17:13.875099
c7f49513-f3c1-4dbb-af90-3181abc54444,1035,Laptop,174.37,2026-01-08 04:34:22.893554
a1b987cd-5b3b-4d2a-94f2-a6087f133f20,1074,Laptop,109.59,2026-01-17 11:21:01.495582
45ad5d3f-b3b3-4a9e-a7a7-ca95fb5595e7,1040,Washing Machine,177.01,2026-01-10 05:18:04.392111
11705b71-5e22-432d-bfb3-97c0f959b786,1021,Washing Machine,160.98,2026-01-18 09:11:58.834529
b683df4f-bfe8-4349-b3cf-3606c52123be,1024,Bat,118.77,2026-01-17 01:23:20.562830
221b7cf6-b5c7-4d9e-8522-bf10e88f0920,1072,Bowl,147.53,2026-01-20 05:36:41.992576
b0f4743b-064d-4da8-a686-948508b34d9b,1037,Mobile,145.74,2026-01-10 18:56:43.076102
5a75601f-8c47-4cb7-962b-5abe7726a3ed,1044,Washing Machine,136.67,2026-01-07 05:50:13.468142
a423da7f-a5f0-4f89-b608-8a7a40b8222b,1098,Bat,113.5,2026-01-01 07:06:16.847100
1f99e584-fb69-43ab-8fff-fcd2d7ad516d,1053,Bowl,157.8,2026-01-10 06:23:57.035084
f9284243-b4fe-47e6-af06-e9c76f71bfc0,1067,Bowl,153.26,2026-01-17 05:06:23.516195
4e1f5cd7-6751-41f1-84fa-ede623a48e4f,1043,Monitor,193.8,2026-01-18 10:49:32.186231
d55680fa-af83-4819-adb9-7515f059a567,1014,Washing Machine,168.77,2026-01-20 08:24:41.900506
3e63a30a-cdcc-46b7-a7ae-d86b01762003,1032,Washing Machine,187.4,2026-01-02 05:58:23.995159
c318b9ea-0867-47f9-9369-d95c95e13687,1007,Laptop,153.91,2026-01-02 00:26:53.451120
60a2705c-eada-4b55-b2be-b9bccd87af51,1089,Monitor,135.66,2026-01-04 20:39:58.091092
d3993814-890a-471e-a417-8198d379565a,1089,Bowl,191.54,2026-01-20 09:08:03.215462
59d06456-35e7-4d7c-ae41-5d79e000f750,1004,Bowl,126.88,2026-01-19 14:43:09.071131
a364fe30-7f69-403f-b5b5-62e02f602afe,1095,Mobile,156.24,2026-01-05 18:24:39.139598
e59dae94-6b9a-49a9-b182-9d9217d1d2d3,1025,Laptop,122.6,2026-01-18 06:17:53.738317
9c3008a9-76f9-486c-a5b0-fc15af03d537,1075,Washing Machine,126.67,2026-01-06 20:25:36.665309
02ef8b42-5ec3-4ff1-bf80-67516ee91ae1,1064,Bat,158.25,2026-01-13 00:36:45.588676
5a61f1a2-daa2-4ac8-a18f-44bbf8f82a3e,1025,Laptop,182.75,2026-01-15 13:35:51.804302
2ed072e0-46ab-4323-97cc-845e2167f457,1008,Mobile,104.3,2026-01-14 18:16:31.024732
5a2cf52d-52b2-4767-92cd-3e9b3d188840,1047,Washing Machine,108.64,2026-01-08 21:52:01.007713
a300dc54-7f04-4500-9dc9-899eb0181df1,1068,Bat,194.29,2026-01-04 15:15:21.166890
acb0f2c8-89ea-42c4-a73f-28515b949d8d,1036,Monitor,193.32,2026-01-16 00:36:51.983426
adabc3b5-977f-479c-8a8a-0bee79b101e8,1006,Bowl,161.37,2026-01-05 21:59:15.197507
5e874319-28fa-45fb-a13c-7be3757415c4,1088,Mobile,184.96,2026-01-04 23:20:22.259274
3a66c53d-c26f-41a7-8aad-69af0e4e7c8b,1015,Washing Machine,142.55,2026-01-04 04:22:05.284607
66d16db5-ea5e-4010-a85a-c29d4bab4bbd,1085,Mobile,183.55,2026-01-12 18:38:48.408190
b5843c82-f527-4c25-8eca-567557d2e54e,1082,Washing Machine,153.89,2026-01-16 04:38:14.037606
f8a90a27-61fe-4e4f-ab93-f78aa4dfefe7,1003,Washing Machine,113.22,2026-01-19 02:36:09.646167
fc333787-fd50-499d-a648-32acab7f6a53,1051,Bowl,145.37,2026-01-09 08:53:15.684017
e0718b74-0f28-42ee-8afd-31bd053caf94,1003,Bowl,154.95,2026-01-16 06:37:10.076866
846cabc1-b51d-43b4-bde7-3a8bc1c88241,1008,Bowl,122.86,2026-01-07 23:48:35.510173
30dcadc8-765d-4990-8f12-ff2c72592e51,1005,Laptop,152.69,2026-01-03 05:42:53.738257
70f3a89c-4d57-4ec8-a141-57f7f7f803bd,1051,Bowl,100.93,2026-01-10 03:30:17.863924
2f9dba83-c415-4719-86c7-4736bae4369d,1092,Mobile,176.69,2026-01-05 03:37:56.749784
ec268774-bb69-462c-862e-505ce6ef1330,1079,Bowl,128.77,2026-01-17 09:13:05.010751
99f69036-13f1-416b-a247-5cfb1eca9cd0,1055,Laptop,182.06,2026-01-20 21:51:43.727383
7928afb3-9b00-47a6-8957-c49f3b6e2681,1035,Washing Machine,178.78,2026-01-16 04:22:27.688102
b0b84541-ce71-4490-a2c3-5353c84a7368,1000,Monitor,181.81,2026-01-01 20:46:18.536602
d4f2e27a-03f6-4c2f-9456-17772df78f57,1032,Bat,102.63,2026-01-05 15:58:53.451320
cf7093cd-ec08-443d-90f2-329da377e7d0,1078,Laptop,140.41,2026-01-08 15:07:18.565251
5a30d8f3-39cd-4f12-a1e0-d227b62d7241,1096,Washing Machine,165.75,2026-01-03 14:58:20.546948
a790fd53-070c-4578-989b-c51e9621df23,1017,Bowl,129.67,2026-01-17 03:39:40.024096
2cf3417d-076a-41ec-84ef-5fd6629069bb,1083,Monitor,185.4,2026-01-21 03:16:31.730326
c08fbe63-c5be-4e46-9fe4-4a2352433c46,1036,Mobile,115.18,2026-01-17 23:17:51.560807
8d23c541-df8f-47da-8f61-d92af2e801ae,1089,Bowl,131.76,2026-01-20 06:52:34.899145
94939c3e-3250-41ee-87e9-b00efdb50c9e,1016,Mobile,138.79,2026-01-10 14:19:08.341270
9ac9e226-fe57-4916-8822-1489df7a874b,1090,Bat,197.42,2026-01-01 23:56:19.489310
a5c2b78c-8c53-470c-a13c-9a7860cd3ead,1042,Monitor,111.27,2026-01-18 21:36:15.240771
40b021f3-cbe5-47be-8f89-643e075bc906,1063,Monitor,117.21,2026-01-02 21:19:50.937287
4102b0a1-162c-4c4a-8fcc-4013cf02c2e8,1029,Monitor,153.11,2026-01-12 18:48:43.633822
117c86b9-bb88-419c-9952-8fd4e5282c08,1030,Mobile,183.83,2026-01-19 17:08:01.749460
27827c1e-00e6-4de6-b04d-c72e13b649a3,1067,Mobile,168.65,2026-01-16 10:09:55.414649
3da742be-7464-417c-8241-22da950fbf7b,1060,Washing Machine,155.24,2026-01-10 09:33:00.379146
a2e181ba-356e-430f-879d-a9796d762c47,1041,Monitor,192.76,2026-01-18 08:07:54.103956
a2a3a7dd-e49d-4e04-903c-ed2480472104,1036,Monitor,197.39,2026-01-04 12:50:47.093096
50cabf60-da51-40a0-a7c5-33179d3cf6a3,1041,Bowl,171.42,2026-01-06 23:49:38.364466
a4ec1ff6-af62-49a7-a646-6f3f5ed777cf,1002,Laptop,102.55,2026-01-07 12:43:40.598125
d81a6234-79d7-432c-bd6e-2800b1c7e9a6,1026,Mobile,189.58,2026-01-19 07:44:25.039677
a139b9d2-feaa-4a59-8f1f-300a0d6ffe1f,1034,Monitor,113.53,2026-01-16 00:06:28.864188
6f76d045-8023-4e2c-8977-ad9dbd9bb9f1,1000,Bat,113.54,2026-01-10 20:44:49.588370
5414c596-68ef-4977-9de1-3a1f8ad5a296,1057,Mobile,170.17,2026-01-02 12:21:48.358816
ec46ec84-5447-4828-9a19-6bf83102f413,1033,Monitor,105.79,2026-01-10 03:42:18.274711
08554182-1111-4f28-b32e-1f98d897ce6d,1073,Monitor,122.08,2026-01-03 01:38:30.428172
39425761-687f-4179-bfbd-207dfbcf0ef4,1004,Washing Machine,101.22,2026-01-15 11:57:59.987909
c2b77f63-c20d-4d27-b9fa-42b1025e9875,1093,Bat,182.98,2026-01-10 15:45:31.577497
277ff4b1-dbc3-4473-bfab-58da250de567,1057,Laptop,167.87,2026-01-10 07:07:31.526307
152527c9-fd1d-405c-836b-3f67512ab5ec,1031,Mobile,171.45,2026-01-21 05:30:10.950651
7b6b045f-076b-4de3-baf5-5b66c739364d,1000,Laptop,171.86,2026-01-05 11:42:32.854657
e1f37efb-f749-4408-b6f1-ad6fe54ef040,1018,Laptop,181.61,2026-01-18 13:18:12.344654
f2d6e2af-15f7-490c-8436-b13e336d83d4,1020,Bowl,175.98,2026-01-19 08:59:20.913592
da67a8f4-ea1c-41ba-8ae4-79cda016c309,1067,Laptop,162.68,2026-01-02 13:49:15.858896
5fc38290-6efc-4622-a497-7a50de9f6711,1027,Bowl,196.67,2026-01-09 05:07:18.996723
c8ad735d-a017-4d95-9fa6-a949d4bd4d72,1057,Bat,157.96,2026-01-14 05:00:13.138515
e2e651a7-ca7a-4171-86df-efdc3ba1aeef,1089,Laptop,157.98,2026-01-09 11:13:12.087220
cf588c2b-b195-4af6-8e84-23a8b7be9d71,1076,Bat,156.51,2026-01-11 20:14:13.935618
fad5bd3a-d0b8-4790-a6a6-a108a8b302fc,1000,Monitor,158.68,2026-01-01 09:18:45.335769
0a5a8a51-0125-41ea-8bcb-40b3c3891752,1020,Bat,132.17,2026-01-03 10:37:16.765069
70e57e1a-f483-4529-9462-a4f7fb3e5205,1012,Laptop,199.42,2026-01-17 16:19:38.508155
d9c3ff23-0547-4814-86a6-61bd6069f9a3,1003,Washing Machine,117.19,2026-01-17 09:14:34.955189
9300f720-6adb-4992-ba79-021efb2ca18b,1019,Washing Machine,134.41,2026-01-03 08:01:46.238846
5330d729-f155-4e02-abae-40462f941f2a,1026,Monitor,110.2,2026-01-07 20:27:10.102934
b267d73f-82cd-44b6-8ec2-da0771bc9ea9,1089,Mobile,195.62,2026-01-10 22:32:37.368153
fb04d399-98f2-451b-8ac7-53cb836f614e,1027,Monitor,182.3,2026-01-21 14:36:15.241703
b2dc52c5-14ba-4b17-8e23-631cf0f544a5,1083,Bat,199.26,2026-01-16 01:57:21.843591
219c8d74-9215-4ae9-9a14-e9142956584b,1076,Bowl,174.64,2026-01-04 02:41:47.392448
3dca9700-99bd-46c0-9cd4-238632db35ae,1025,Monitor,191.4,2026-01-01 21:03:39.427362
9a38c71a-cb1e-4f09-b1b5-0de206937717,1030,Monitor,127.65,2026-01-04 04:23:37.290969
adeff488-a9c3-45c8-a855-2848927fd140,1033,Monitor,139.71,2026-01-21 00:02:31.860385
d2955c75-37be-4397-be90-73d8034d5b3b,1051,Bat,163.35,2026-01-04 02:28:23.254148
ab7e9c82-3c8b-48d9-97e1-abcdcf360b5e,1050,Mobile,179.85,2026-01-16 20:31:26.932281
55fc2551-de5c-4189-a997-d516e6e0e3a9,1054,Mobile,124.74,2026-01-11 16:42:24.209170
e797ac1b-25d1-46c8-8a9b-f6fc8eabab94,1064,Washing Machine,144.95,2026-01-20 10:07:06.594317
a515695d-00a3-4946-a700-5416b4c68ace,1051,Monitor,172.41,2026-01-17 03:19:37.171360
79789153-1125-4393-91d7-e4e853a0ccab,1051,Monitor,163.66,2026-01-11 10:32:45.357627
5a79200b-6963-4301-b313-ae2236919500,1059,Monitor,127.03,2026-01-01 03:53:00.835572
9ddb9b13-3676-4b44-8c19-88c74657ded0,1032,Monitor,163.82,2026-01-02 08:48:33.437323
7b67e4a0-df3a-4984-bbbf-c22bd1bd46d3,1029,Mobile,167.51,2026-01-14 14:03:07.597271
be14b3c0-5a39-411d-a71d-1947bdf2a316,1069,Bowl,105.38,2026-01-13 11:06:47.589651
52170bf5-7c34-4243-a559-5c9e0593fcfa,1098,Monitor,198.66,2026-01-07 09:21:59.477393
243c1d8d-09e5-4e1b-9cff-0a63c8ca5b3e,1084,Mobile,152.83,2026-01-16 07:14:59.706805
85d9a3be-5f5c-4e18-8917-55dbbf65e559,1072,Laptop,119.37,2026-01-12 01:38:36.584833
9f127633-fd14-4017-b56a-398576d3a698,1052,Monitor,137.48,2026-01-03 23:13:51.749792
38b888da-1493-4975-a185-96d7581f4a97,1037,Bat,154.73,2026-01-08 17:32:48.868562
e91559d4-fdef-42a2-8371-08c60ce3ec32,1090,Monitor,123.83,2026-01-20 22:27:01.683669
331559a8-94bc-4197-99a8-fd8f37cb8c2a,1020,Monitor,141.3,2026-01-14 06:33:28.782304
4c071be4-a54a-4e54-b9b4-9dc09182bb60,1027,Laptop,149.04,2026-01-06 00:54:00.963103
8157defc-d3a9-49ac-a70e-530376e4bab9,1008,Laptop,167.03,2026-01-04 23:23:45.680578
d9c2965d-6cb5-4405-a9ad-1d6978b96ca8,1059,Bat,121.02,2026-01-02 00:52:59.880739
d4ad499e-41d3-47a8-9a29-5206d42f0de0,1008,Monitor,103.91,2026-01-05 18:15:00.187944
445fd0f8-bf55-44f1-b52d-31fae2e52b4f,1081,Mobile,134.19,2026-01-13 15:22:39.998858
26001954-a9a3-4dff-aa0b-e70973c21575,1001,Bat,115.47,2026-01-08 21:10:12.336415
debb245e-de1b-48c6-a637-ffdeae454e07,1067,Bowl,102.22,2026-01-04 07:43:39.763686
e1223cb9-a128-4037-b84a-4b63644cdc93,1077,Monitor,109.49,2026-01-02 12:10:11.688322
5ee8202c-05e5-4a29-ad03-5a0e20c6ea9a,1065,Washing Machine,114.78,2026-01-01 01:18:42.917443
4b435061-d103-40f4-ac37-8fd6adf7aa3c,1076,Laptop,198.08,2026-01-19 18:39:04.935277
000a4403-0257-484f-81bb-7fc905799cf6,1014,Mobile,184.83,2026-01-05 09:09:25.251599
a96fccf6-07e4-4c72-963d-cd8832212ae1,1022,Bowl,108.39,2026-01-15 05:56:28.032286
848c854f-643d-4c92-ba6c-2b0d770f028c,1001,Laptop,145.19,2026-01-12 09:59:40.133756
5798fb42-9cba-43f2-95f6-4204ff2ca456,1095,Laptop,149.59,2026-01-07 04:45:24.859189
e441f0a9-3dc3-4f0d-93c5-9e9d11a91e68,1031,Washing Machine,188.17,2026-01-17 23:57:39.930223
bc8e46e1-91fd-409b-80a6-a227aaaea680,1014,Bowl,107.06,2026-01-17 21:02:00.084542
8006f316-0c07-4727-8afe-bffff942e4a8,1076,Bat,124.61,2026-01-10 17:27:41.407920
3d63d115-57eb-4943-bed0-10dc0b640197,1097,Bowl,139.49,2026-01-14 11:42:52.695823
f6e9731e-c302-45a8-9f3c-be4560b0818b,1012,Laptop,117.51,2026-01-03 16:07:26.273897
b62ed168-f92a-45dd-8019-a5a10dd509c5,1035,Washing Machine,144.36,2026-01-21 15:24:52.522854
616a7f6c-16b4-4fac-accb-e15553a01eb3,1099,Laptop,191.86,2026-01-10 03:47:45.632182
8d606d94-3a08-42b4-a3d9-176f2fc1e763,1083,Bowl,102.73,2026-01-13 18:11:27.671868
ce5fd968-f806-4b49-8f55-c28c39c13dda,1029,Bat,132.57,2026-01-01 04:34:30.167841
25a3ab45-04d3-4881-b371-7215ec45d5a9,1025,Mobile,119.05,2026-01-11 17:58:39.981496
17a558da-9aff-4901-9835-1532c46ca1c4,1075,Washing Machine,140.71,2026-01-01 13:12:17.645787
a365df43-c6bf-4186-9299-bc7e4403cabc,1081,Bat,156.16,2026-01-12 05:42:04.643210
2f733858-b2a2-4daa-80e1-4db38272a27f,1095,Bat,108.94,2026-01-20 03:32:47.188477
15adad8c-0a15-45dc-b444-72257a70e465,1065,Mobile,171.61,2026-01-13 23:48:29.235152
cdbcce92-2254-400d-97c3-92bbacb884a7,1020,Bowl,104.03,2026-01-14 17:22:35.171667
c0e7f392-8e90-4d79-ad4d-9be94eb03911,1094,Mobile,164.16,2026-01-10 04:52:12.360519
aa561491-faa8-4a99-a276-bccdc2166e71,1048,Laptop,134.92,2026-01-16 01:59:39.925174
6919084f-26f6-449d-bd10-81846a82a17b,1045,Monitor,193.13,2026-01-15 04:13:27.332751
397e07a3-50d3-4104-bfd2-5d985efa4528,1006,Washing Machine,154.24,2026-01-19 12:27:14.880676
81ce23a9-307d-4da9-b900-433d03f50248,1023,Mobile,185.35,2026-01-01 06:55:44.643420
d8a35533-c519-4b54-a61e-0c97f40e5620,1091,Laptop,194.73,2026-01-20 16:58:10.387703
1d775c2a-7120-4e00-b552-9036b1ee4128,1037,Bat,107.0,2026-01-10 14:16:56.176749
0932c781-4502-4fa6-8179-4a4889eae751,1067,Mobile,139.17,2026-01-11 18:52:29.393129
3112a50c-4d0a-4945-a126-5b5156dc32aa,1037,Laptop,103.91,2026-01-21 13:25:28.683081
e094e25e-b58b-41cf-af21-1e916df27688,1057,Bat,115.09,2026-01-06 02:05:50.852882
5424ec58-3028-485c-ac6f-66ade30ed7a5,1033,Mobile,140.77,2026-01-20 05:11:44.140223
bd212269-0c5f-44a1-b35f-956230549e8b,1061,Mobile,173.03,2026-01-10 16:10:08.487177
17be40ce-b5c1-41ec-aa34-b583cfe5d143,1061,Monitor,133.38,2026-01-11 08:39:42.657139
3853cfb4-d02d-478d-b418-c9f63f2e945e,1009,Monitor,114.67,2026-01-08 20:08:16.608433
1382795f-83a6-4630-b047-5a934862eb23,1051,Monitor,111.82,2026-01-04 00:39:54.115005
84d4c23e-c683-4f14-a34d-bdaeebd6515c,1079,Monitor,127.81,2026-01-02 17:28:25.287849
8e6a9b9c-384b-4da9-b144-82e48cfb454f,1039,Mobile,100.74,2026-01-12 00:10:45.442087
54c67d97-7c09-4fa3-b8c7-0e24ca7ff243,1079,Bowl,161.58,2026-01-18 15:19:14.030484
59d414f6-de7e-4801-91b0-a3bb9e4198ec,1041,Monitor,186.48,2026-01-09 00:19:44.642643
ff4bc447-b603-41b1-83f4-41ce91750a0a,1019,Washing Machine,118.62,2026-01-17 06:52:58.667845
b67fb58c-2888-447c-9ec8-c54f2b913b6a,1085,Bat,122.54,2026-01-12 01:28:48.040850
7c4bd9a4-4a3f-44d5-8fa9-1558f7fa75ff,1073,Mobile,161.17,2026-01-02 04:24:40.547169
46d2d9d8-1923-4e8e-8e04-ad6691011fd5,1083,Washing Machine,182.41,2026-01-15 07:45:58.823825
53e7a74a-0c5b-4eae-afe3-69afa7547a76,1046,Laptop,174.99,2026-01-05 13:22:40.407523
0ea20140-8068-4322-b07c-66e339d2a02f,1086,Laptop,174.11,2026-01-09 11:03:36.318793
ebc1d300-198d-445d-8f95-1c90abf8e604,1086,Monitor,168.88,2026-01-14 19:33:11.640867
ad999a24-91ab-4548-8997-c223d9121bfb,1037,Bowl,174.36,2026-01-13 20:15:46.382316
3d5604e3-8a38-4ab3-b8e8-74f79357c232,1034,Bowl,108.35,2026-01-03 07:13:05.329895
368c6046-ab30-4ea8-bcb3-7a82733751cc,1063,Monitor,107.04,2026-01-14 00:43:56.489499
34190f76-dbc0-4543-afb1-8ab6587da6d1,1082,Bowl,100.88,2026-01-16 07:11:38.556579
05412796-a63e-4bca-9a79-5f47eeed1618,1045,Bowl,121.16,2026-01-20 07:06:32.972459
a217eb84-b77e-4ce3-8f1c-b11a8691ee8b,1004,Bowl,180.78,2026-01-12 22:12:45.607838
9a4819dd-2863-4977-8af7-9af71da5f980,1093,Bat,165.44,2026-01-05 10:06:13.711013
c1495e5c-5215-4c27-9223-a705b395fc93,1074,Bat,113.01,2026-01-20 20:51:45.700014
c571cb17-abdd-4b0a-81ba-87959497ba5a,1019,Laptop,149.39,2026-01-14 21:31:35.835844
85bcc7a8-1f3f-437c-bb2c-930123a892f9,1028,Mobile,165.78,2026-01-02 17:20:55.241291
26d0c1fd-bc98-43c8-8ff5-cfe9375eb87d,1056,Bat,190.13,2026-01-07 08:15:30.195799
b4532253-71aa-4d95-81c8-d7ffaa529ebb,1014,Laptop,159.04,2026-01-12 16:23:51.887041
053101be-9a70-42fd-b7cd-760aa4ee8061,1041,Laptop,183.16,2026-01-21 08:42:36.566821
4e85b5e2-52cb-413b-866a-5a98d90e1383,1028,Bowl,162.4,2026-01-12 00:51:16.678384
1c8b305d-a70e-48f5-aaff-b741fc7de965,1001,Laptop,169.71,2026-01-05 12:30:18.095787
183dcb16-54a8-4b2f-8082-ee9ea4836aff,1030,Monitor,132.54,2026-01-04 05:53:28.122645
e2660d0a-1acd-4852-b165-8e6e06491bbf,1011,Mobile,105.98,2026-01-21 10:34:08.098503
98f3736c-4607-4395-a74a-aebebc0c08af,1033,Bowl,199.66,2026-01-08 09:33:06.583394
45cfe6f8-9ed4-4e7c-bc86-32e02a9f7ac8,1027,Monitor,153.06,2026-01-08 08:01:37.388489
ac8a8bf9-ee86-4b22-be84-f0511037ef42,1030,Bat,153.27,2026-01-01 04:34:23.107849
db164763-bffc-4314-b6f8-7fa88043ca68,1030,Bowl,179.88,2026-01-03 20:22:44.769833
7ef567ba-d3a6-4743-9f48-ff3b5646f4b6,1087,Bowl,140.25,2026-01-13 06:46:52.197671
0da52829-6db4-471c-a097-9cd83ca97796,1005,Laptop,118.91,2026-01-02 11:21:18.540562
a84ffddc-e23e-4117-b104-9e2cfdc6cdcd,1009,Mobile,199.05,2026-01-05 13:20:19.437549
a24e0abc-5037-499e-941e-c57008c74460,1002,Washing Machine,150.59,2026-01-04 07:48:43.209446
0293f4a2-633c-4875-9642-455422a6d542,1025,Bat,118.25,2026-01-10 16:00:21.289341
a0b43d36-e3a9-42b0-b52e-13c1ad6f5cad,1063,Laptop,196.36,2026-01-20 19:22:48.393467
5feb2ad8-99e4-46cb-9250-717cfa6ee3e5,1056,Mobile,186.22,2026-01-06 01:37:03.991851
05051862-c54f-4a55-92e5-e47d42cf40c7,1053,Bowl,178.2,2026-01-04 20:20:16.473329
6bed7023-d7c5-4dee-aa96-7b93eb56c910,1088,Bowl,148.92,2026-01-16 06:18:39.179630
c7393967-8252-4294-880a-5afbf50b5b92,1024,Washing Machine,107.91,2026-01-06 01:16:27.648919
b1255016-d56a-4df6-a2fb-521ae3cbd5af,1004,Washing Machine,138.44,2026-01-21 07:09:03.733685
31ba68e7-1913-4e3f-886e-0a300b083e48,1065,Bowl,150.75,2026-01-10 04:28:07.933343
54eb1903-3b49-460a-a7be-b088a3f9215f,1006,Mobile,126.9,2026-01-13 04:28:46.272560
6ddc8e5e-48fa-4e8c-8cc7-283146292414,1039,Bowl,158.46,2026-01-17 12:01:18.690419
76608b2a-e466-489c-9c0b-752d5b52b22e,1024,Bat,192.74,2026-01-04 01:48:10.199489
54b24c81-0e3c-456b-9a65-d5df469b0031,1067,Washing Machine,124.68,2026-01-17 15:18:37.836858
29d015ac-5bd9-4c89-89cc-8269a77c06ed,1059,Monitor,104.15,2026-01-06 20:44:08.936729
e70216dd-f41f-4706-b32b-704dfc58f2ea,1027,Bat,125.06,2026-01-20 00:37:00.305305
75f140d7-1e9f-4e2a-a318-ca9eb77107f8,1034,Laptop,172.79,2026-01-05 12:52:22.721537
eeac06ee-b206-4551-aac0-04380de7a9b5,1032,Washing Machine,173.42,2026-01-13 19:56:59.597168
1fffbb2f-a120-455a-94a8-79901790e9b7,1011,Bat,112.53,2026-01-10 19:25:19.167948
38454533-7c5b-4f21-81f0-a85753f5bfc0,1083,Bat,162.04,2026-01-01 04:29:27.010462
d7e829c8-dfee-4b72-a7e6-ce7496e45cca,1084,Bowl,143.68,2026-01-05 21:32:34.487360
72103975-d3b4-4ac6-acae-cd635806954d,1098,Mobile,141.81,2026-01-04 12:09:39.754088
3f215bf1-243d-423a-b64e-5b519fe47692,1064,Washing Machine,121.64,2026-01-08 12:36:43.146545
08682c66-39af-4f13-bc3a-d49b292f676b,1065,Washing Machine,196.48,2026-01-21 18:12:07.398711
816cec1d-da0a-45cd-8e66-4d86c2da25f1,1082,Mobile,148.06,2026-01-16 05:12:10.328585
dba06cb9-7dcc-4185-9e45-506af8ad3bc4,1068,Bowl,110.47,2026-01-05 18:54:12.875024
1cd8866a-7264-4ba5-a159-f6e3e11bef5d,1068,Bat,135.88,2026-01-05 20:57:46.754819
318331f8-5c08-40e4-b440-f31bc2e86e23,1089,Bat,148.28,2026-01-16 04:30:53.098756
cd20bdd2-7ddd-4062-bd24-101dfffcaffc,1081,Bowl,158.67,2026-01-13 16:49:14.731931
2f64fdfb-c475-4031-b242-e3487e55f464,1051,Mobile,172.95,2026-01-06 08:07:06.397064
9ef9483a-f854-4f72-bd21-dddff4adb4c4,1098,Washing Machine,134.4,2026-01-19 17:27:32.801721
199127e5-13cc-4943-a4e1-31d2d625fcf2,1090,Laptop,186.2,2026-01-17 03:43:58.491037
08578e0f-358d-4882-b437-5df0972ab806,1012,Bowl,108.37,2026-01-05 20:41:04.398140
395c802e-29fa-43cd-867f-2928c62f72b2,1085,Mobile,122.36,2026-01-09 11:58:39.008665
a77af7c3-6d8b-45f2-8462-58333dd401a2,1071,Laptop,163.45,2026-01-14 02:08:23.260574
a12f4ee7-109c-4dd0-a747-87291427a9b2,1075,Bowl,114.79,2026-01-16 12:54:11.402930
a9a3951c-96ef-4ab5-b1d4-427b28f1d98f,1073,Laptop,180.7,2026-01-05 20:31:10.931859
9e5d58e3-7f14-4bda-8324-fabd9bea4fc4,1047,Laptop,175.99,2026-01-16 18:07:13.452751
44a019b8-ae20-4771-ba1d-1891c94fc775,1031,Laptop,172.43,2026-01-20 09:20:20.134538
217ea27c-4489-4d5f-af50-bc6018698191,1085,Bat,111.88,2026-01-09 11:07:26.669256
b8c2e764-44a5-4db3-be58-1a520a8b8650,1038,Bat,118.98,2026-01-06 06:11:28.486576
d38ed932-1c19-467c-b876-3735f99c406a,1014,Monitor,100.84,2026-01-15 15:56:01.209167
5d607cca-d492-4104-9a26-45a8418d532b,1050,Monitor,192.13,2026-01-11 01:43:09.580025
24de3a24-6f80-49ec-b42c-bc115f8fb893,1057,Washing Machine,151.25,2026-01-14 14:08:10.189260
f5330269-3f25-4e0a-8fdc-595c325269e7,1062,Bat,167.28,2026-01-07 06:26:12.170804
b198bb52-e06b-434b-a9af-6d29fc47dcfb,1040,Washing Machine,112.95,2026-01-15 08:41:09.280174
74fd5daa-95d2-4279-8e12-0e68e1e27366,1022,Bat,152.98,2026-01-03 16:44:49.089727
bbc46c58-95b6-42cb-afd7-e55c5dacdccc,1035,Bat,120.49,2026-01-09 13:00:13.746294
26c88575-a013-4c82-b3fa-968282381d05,1033,Laptop,165.53,2026-01-04 12:45:59.141957
a0427e7d-8e23-4bbe-b304-b9e94b4596f5,1048,Mobile,107.22,2026-01-17 22:43:30.254060
9f5a883e-4ffc-4714-b471-f38f80db530f,1041,Bat,128.14,2026-01-09 18:23:29.207356
180eaa08-7944-48b1-9564-e6a0a73f0ae5,1059,Monitor,136.8,2026-01-21 09:27:10.196656
a2133da6-d0d8-432c-ba70-34e2b5ce5b6c,1070,Laptop,171.44,2026-01-05 08:10:23.267996
d92ec2f3-c300-4727-bd8e-f7c7831e1eda,1053,Washing Machine,103.79,2026-01-01 16:19:47.383272
ab27641f-8caf-4877-aa2c-a60353094dff,1022,Monitor,107.19,2026-01-20 08:21:55.479807
b0623eea-8290-41bd-83ee-b64c9632e7d9,1013,Laptop,191.05,2026-01-08 07:11:28.598056
8fe184ce-5457-47c7-b0af-baa9e2a0ef73,1012,Monitor,104.46,2026-01-19 22:04:41.408509
f220f5c4-f34e-4bfc-819a-3ec1e86aed51,1040,Washing Machine,191.78,2026-01-17 11:30:54.995806
6210505d-1e7f-471a-bfb4-70b54f012132,1034,Laptop,152.83,2026-01-07 13:41:29.578133
c4caae5f-da03-461c-b0cf-4f4322298d3c,1059,Bat,103.94,2026-01-02 12:40:37.429719
687c0ed2-162b-41b7-b368-7b2feac532fb,1085,Mobile,154.66,2026-01-12 03:11:17.731982
54d10a73-928b-4fec-881f-025bfd79dafa,1049,Bat,125.83,2026-01-04 09:20:17.673425
a803dedc-286c-45fb-ab78-37628785df75,1012,Washing Machine,122.12,2026-01-20 17:56:00.369624
e0a56e06-9d14-4cf9-92b2-a699144a0765,1002,Monitor,195.07,2026-01-02 03:04:24.445895
0fbf5863-77fc-4d5e-988d-2340cb42ffc0,1058,Mobile,125.24,2026-01-20 10:30:22.548425
f46d3bbc-6fb7-4e9d-8079-a053cc0ffb1a,1046,Bat,122.53,2026-01-09 06:31:11.738315
f0393f3b-30aa-4c60-8c37-7243800caecd,1045,Bat,123.81,2026-01-16 06:57:49.825952
707cb639-6fac-4250-a83d-252410a438bf,1069,Bowl,109.49,2026-01-04 23:05:46.766435
6d201a68-7450-4a40-899c-d60a39be5fc9,1006,Monitor,167.11,2026-01-14 17:23:36.315120
2bdfe211-c430-46db-8eb3-f130cd22b863,1018,Laptop,166.03,2026-01-07 17:32:51.279373
778340fb-665d-44c8-9563-e2e3bba4d1ea,1082,Bat,140.36,2026-01-02 06:40:58.984302
35b6e3ae-e782-4a1a-b894-9fc212d27619,1079,Bowl,167.57,2026-01-16 02:28:38.295052
da76c9e1-296d-4cdc-8187-1ee1839cfc86,1025,Washing Machine,124.09,2026-01-20 06:59:24.318304
f9f64c86-7232-4ee8-a4cb-97c3fbda8e25,1025,Washing Machine,198.17,2026-01-16 06:21:24.030471
04411ba7-2991-4d9a-8878-0748d56a370d,1004,Bowl,116.24,2026-01-09 17:09:19.963232
d61677e8-2d0b-49b6-9fa0-ac11e9ca7971,1033,Monitor,130.22,2026-01-03 03:29:37.811060
0d340524-e848-4c59-8dfb-002a792a42cc,1055,Bat,198.18,2026-01-04 04:12:27.577143
13709161-8ca4-443c-81db-a9e804862d6f,1098,Monitor,120.71,2026-01-16 21:51:51.051553
f4a76fdf-006a-491e-88b9-7921e764a8f6,1023,Bowl,114.57,2026-01-12 14:28:02.724872
fcb3a1b2-35f8-4c92-8386-814ee3f8f4e1,1037,Mobile,157.16,2026-01-02 11:32:01.371766
7bca8c82-6711-4fe7-8c21-03b7d1fb8da5,1034,Monitor,133.78,2026-01-20 02:53:32.911440
105e9eac-5672-4eae-879d-ebfa4716497c,1054,Laptop,128.86,2026-01-18 04:53:55.609857
241bb0c7-31f8-4e49-a436-2190c3935669,1040,Washing Machine,166.99,2026-01-18 17:28:57.083297
dad8d31d-b072-41d3-bbd2-ee976488787e,1094,Mobile,151.55,2026-01-13 10:16:58.415640
90ca1f2d-64fd-4492-ace1-2c65d0aea5ea,1095,Laptop,111.33,2026-01-13 10:12:30.126979
6f1b37a6-f91d-4e0d-bba7-6c64d0d53230,1063,Mobile,161.76,2026-01-06 02:41:28.232851
0963d02c-b8f4-4673-b5b6-593c6271dece,1048,Bat,112.15,2026-01-14 18:33:43.801972
244d7b0b-e7a2-44ab-a7e3-31b90b956368,1002,Bowl,172.03,2026-01-09 01:09:05.190067
ed0e9b37-b5a5-4406-a0b4-a017aae94caf,1013,Mobile,158.81,2026-01-12 19:58:03.870423
69f4b9db-864b-4535-b018-f211887de6db,1092,Bat,110.6,2026-01-05 20:24:18.718018
0c891904-e79c-4e66-8a83-332378bc0234,1089,Bowl,188.9,2026-01-01 11:15:39.490902
2e437875-bcf3-4aa9-910f-5c53924b373c,1066,Monitor,177.61,2026-01-13 17:19:16.911378
a569159d-f64a-406e-9187-fa02c74e7a94,1029,Laptop,177.11,2026-01-19 09:42:45.629508
e80b305b-5411-4e46-9f98-048f653e7e44,1052,Bat,119.04,2026-01-20 05:50:27.315089
26c46397-174c-444d-b215-819a3440ce93,1088,Washing Machine,117.48,2026-01-21 04:44:15.806951
116d5293-e72f-43b1-890c-60774fad7b7a,1046,Bowl,128.26,2026-01-06 06:46:30.308753
805e3114-9b20-4cdd-a728-bf0d9d3a0ac9,1044,Monitor,121.53,2026-01-16 04:02:47.401098
1ed1a7b9-a282-4c8d-8577-86f1f50092eb,1052,Bowl,114.19,2026-01-12 12:53:31.699005
5ec48277-f60e-42af-b0a5-f41e01fb9074,1060,Bat,182.37,2026-01-07 01:36:13.906906
3e03acb5-b471-4c17-a2db-5f5cb461aead,1030,Bowl,104.14,2026-01-04 15:55:34.804036
ef20a98e-2f8a-4b93-88e7-a558343c3b4b,1010,Bat,149.54,2026-01-06 06:04:10.600909
bfd61a4f-9e50-45a1-95b0-c8659f047436,1086,Laptop,145.85,2026-01-20 10:55:38.668019
81b58226-8419-4200-8250-7c29853b6019,1009,Mobile,104.08,2026-01-03 22:23:50.025425
9bdecdcb-2c22-4d46-9b5b-61dea4bf565c,1010,Laptop,136.93,2026-01-03 03:28:02.156904
d884658a-e650-45cf-a43b-7988a613ddf5,1043,Washing Machine,152.1,2026-01-20 15:32:02.820871
eb237005-fd82-4d91-91de-728cc748864b,1054,Washing Machine,178.73,2026-01-18 16:40:56.229409
6584519e-7690-4707-a905-54815e14f28a,1005,Bat,171.77,2026-01-01 11:46:43.310702
9cbcf76d-614e-4bb1-8315-b3f6efdeceae,1008,Bat,111.27,2026-01-06 20:04:12.234499
0b78708b-a3b4-43e7-bbe3-df7e036bad95,1036,Mobile,159.26,2026-01-03 07:33:56.332548
adaf65b1-5366-4e4b-a7f6-1e0424e759bc,1068,Mobile,124.46,2026-01-01 00:24:14.944463
7941bd36-c431-4a55-a14f-4252c11943dd,1033,Monitor,191.23,2026-01-12 14:39:42.977966
b0834c26-b0df-4791-8934-2460bcef6cbf,1043,Monitor,154.48,2026-01-15 03:13:22.492039
864f2406-4d9c-423f-a910-e5a5563949c3,1054,Laptop,108.58,2026-01-20 00:37:45.261623
6255c57b-817b-4037-af54-d9dcb0d25e51,1043,Bat,133.23,2026-01-09 23:42:21.907989
fb96363c-8f40-4aac-8f6d-d0b5b8df1810,1000,Mobile,143.15,2026-01-10 09:24:01.542015
978ec5d6-d3ae-4382-91b8-2cebd93a4250,1070,Bat,158.14,2026-01-15 01:57:25.428915
a75a16e6-89c3-475f-bf5f-5a186be20469,1093,Monitor,134.43,2026-01-19 01:26:08.830772
9db0c109-0cce-4d72-9d60-b98f7952da91,1000,Laptop,157.8,2026-01-04 13:40:13.268406
9ccabfae-3983-42b5-ac35-7898a634b8f6,1088,Laptop,113.12,2026-01-01 05:24:14.183519
016a1a4d-0d48-4b27-b0df-5a454764b90e,1075,Monitor,182.78,2026-01-14 23:31:03.994635
f1754b7e-ae99-4472-b98b-949ae4867490,1062,Washing Machine,168.14,2026-01-18 09:30:47.315015
eab3b910-4d95-492c-89df-4750be1725eb,1030,Laptop,104.5,2026-01-18 18:23:35.038574
9e76529e-a734-4df3-b7ac-6f0622d31d34,1032,Mobile,128.0,2026-01-14 14:04:19.515344
89269e46-5163-4529-99ed-6bea3dbafc7f,1015,Washing Machine,189.23,2026-01-16 07:40:42.547221
48224512-73d9-4c1b-9aa1-c0e20e4b880c,1030,Bowl,111.71,2026-01-04 21:11:37.675519
7dca5584-6d61-47f8-9d12-95d2af0c50a6,1033,Bowl,159.75,2026-01-17 05:32:55.681096
53e9e027-1f05-44a0-87a4-e85c62739b47,1022,Laptop,198.32,2026-01-19 06:10:13.229361
c6a4fcab-3fc7-4669-a200-589b3f053c15,1052,Mobile,149.16,2026-01-07 13:11:39.256665
ccd528d7-0244-4d14-99d7-ecdaf0e0ca3d,1045,Monitor,183.8,2026-01-11 07:57:27.947422
db4e48ca-da95-4c28-a2c5-f29616c65fd5,1036,Washing Machine,191.32,2026-01-01 05:38:31.461194
4104b101-e8bf-460f-95fa-f355d83c0a76,1024,Mobile,170.36,2026-01-12 02:44:45.266498
0de8709b-8c7c-438a-a2cb-84caf94d87b6,1033,Washing Machine,115.49,2026-01-09 01:08:41.636120
2957166d-960a-4c69-b11a-f25b9c1f3dfb,1062,Laptop,170.64,2026-01-10 03:08:33.974182
0dfeb512-b138-4c5e-9b9b-f8437e34a31c,1015,Monitor,170.05,2026-01-09 11:37:58.177175
7fa3e16f-8a9e-402f-9073-e77a9fe575b5,1074,Bat,190.91,2026-01-03 12:16:03.146659
71b579de-2e39-4b03-a5fd-dac347e2cfe8,1026,Bat,176.57,2026-01-20 11:50:01.181983
635ca32d-0909-4509-8ff8-ce62c2035589,1087,Monitor,164.23,2026-01-21 16:28:36.275872
60728d67-430c-4dc3-9b5a-5fc4eb03f4b1,1028,Laptop,166.64,2026-01-14 20:18:47.940151
2580f9f4-04a5-4c68-9ac9-6d8b7e8321dd,1076,Bat,149.46,2026-01-01 02:53:30.937884
460ea609-d977-4cf8-96ee-7bfc9b12fdf8,1023,Mobile,188.76,2026-01-12 03:50:12.591538
dba09e70-c854-47ad-b485-a820dfe15dc2,1047,Bat,188.23,2026-01-06 08:15:09.721739
1099a5c8-70ef-45bd-ab62-ee101469ef61,1082,Laptop,193.25,2026-01-13 07:54:20.900269
3efc45d0-adea-4899-95d9-ee58f670c391,1074,Washing Machine,138.82,2026-01-16 10:03:59.302925
2f546a50-9df9-452b-8fc1-227f6c636b39,1065,Bat,113.19,2026-01-14 15:35:41.674862
4b782586-1252-4dc1-95a4-4507b8100326,1087,Bowl,171.52,2026-01-08 07:07:43.004778
341dd3c2-ab72-4d7f-961e-a25848acdd8c,1007,Washing Machine,119.16,2026-01-07 02:47:23.765624
c146ceb2-e031-4e59-9745-d4cbbbef63e4,1055,Bowl,113.58,2026-01-05 04:30:27.304568
7a94ddb3-4014-4396-a3af-1a7f978c0e17,1087,Bat,154.14,2026-01-03 14:37:36.361196
2afa3c10-ae43-4e24-a8cb-694a17db5262,1071,Bat,178.82,2026-01-10 11:53:02.883933
5c56f3e1-8c6a-4586-8dc3-7477ee3bde82,1077,Laptop,137.58,2026-01-02 15:04:13.017043
169b3995-d79b-4030-a0dc-a3a994a2853f,1093,Mobile,117.98,2026-01-09 08:48:00.781168
eb74c911-5710-4477-8ee6-acca232d05d6,1089,Washing Machine,136.66,2026-01-09 13:16:20.979560
87fb9a15-67b9-4694-a917-55b36c3fb05f,1036,Bowl,176.85,2026-01-12 16:12:43.159243
95491969-0a2e-40c8-a1cf-9bc864122315,1068,Laptop,143.24,2026-01-11 03:15:22.004076
908fcaa6-b6f2-4831-8ad2-c0675e3991c8,1013,Washing Machine,127.23,2026-01-08 22:52:32.574673
de9de355-9e45-4731-ab64-4fe8b75173f6,1023,Washing Machine,198.35,2026-01-10 18:26:50.557267
abdf18e0-6d0b-41cf-8604-cf10c14a6b78,1013,Washing Machine,139.28,2026-01-20 08:02:17.732292
52a3c28d-dbee-4ff9-9ca9-9d6c82931b84,1028,Bat,173.21,2026-01-04 16:33:36.880618
f5299634-ea09-4f4a-b3fe-06cc118ff0df,1017,Laptop,132.96,2026-01-20 18:38:19.673066
d145ed65-3c76-4958-814e-0b9f7772eb29,1056,Monitor,106.98,2026-01-02 05:37:57.037663
83f83685-db7c-488e-8ec3-e267eebc6fca,1040,Washing Machine,151.22,2026-01-14 17:14:39.102782
6fafff9d-329a-4046-961d-b6a1f054b25e,1013,Mobile,187.42,2026-01-11 02:08:39.498223
2464b245-4983-401f-8ff0-cf5aacfa5b91,1051,Laptop,137.0,2026-01-01 06:35:03.734143
424d711b-1f8b-4eab-bb5a-6a71f27ebef8,1071,Monitor,136.83,2026-01-10 19:57:01.343963
d462bfcf-d161-4eea-bb0a-8fb41cb25d6a,1003,Laptop,132.56,2026-01-07 05:11:57.271623
367f159f-2908-4c6a-aade-a2412a82df95,1063,Washing Machine,177.75,2026-01-14 03:59:52.393770
c2888e22-a3c6-4934-9ae7-a985dacb4a8a,1088,Mobile,145.57,2026-01-17 05:58:43.911917
850d234e-41ca-49f5-a500-4b133bb655d9,1083,Bat,134.71,2026-01-08 16:57:43.004278
6855d31d-e778-4458-bac6-77c8c273d98f,1074,Monitor,189.75,2026-01-02 23:14:32.186986
91ac5c22-c820-4e33-9823-202517c640ef,1073,Bat,195.14,2026-01-15 06:06:55.247222
f970b3b1-4dc1-46db-998f-2f2dc9d8054c,1090,Laptop,145.45,2026-01-14 14:19:46.339572
eb7667d5-eda3-4196-930f-698744d728c5,1084,Monitor,107.98,2026-01-11 18:35:23.806017
f7e18616-6b3b-4cd9-a814-eb6ebc035a59,1075,Laptop,191.72,2026-01-10 05:14:27.890983
28c51e0b-0a0e-4f8a-b664-7b3f7bbecc54,1022,Monitor,140.2,2026-01-09 09:31:07.562194
5558a255-ac53-4aa3-bfc7-369ca00a97ca,1037,Monitor,195.69,2026-01-06 20:45:57.631636
16cb70bc-80ec-47a8-a596-f451ba5176b5,1029,Laptop,188.13,2026-01-20 13:51:18.429372
1f0a9775-2f04-49eb-afe5-797208b8d657,1033,Mobile,142.07,2026-01-10 01:53:07.220960
a4ba1522-5696-42db-a0cf-22a4850dbc3c,1036,Monitor,124.57,2026-01-15 06:47:59.409720
bbed29ae-1aef-4eb8-9b76-d853366b0af9,1000,Mobile,176.53,2026-01-19 04:30:50.688132
f925cbb1-1f8c-4b32-9658-6523622b30b7,1004,Bat,130.58,2026-01-03 14:56:28.110379
d7177cc9-48e1-466a-96a6-35aff736df00,1020,Washing Machine,195.2,2026-01-03 16:37:32.451406
65ea401c-3b76-4d8f-9011-2dd2596463d0,1073,Bowl,169.22,2026-01-03 11:32:45.780204
5d710ff9-c451-47fe-a1c4-74a647b3a5c5,1028,Mobile,149.71,2026-01-10 12:10:08.463132
